{
  "project_info": {
    "project_number": "578730237032",
    "project_id": "httpsms-docker-ed2c8",
    "storage_bucket": "httpsms-docker-ed2c8.firebasestorage.app"
  },
  "client": [
    {
      "client_info": {
        "mobilesdk_app_id": "1:578730237032:android:6f46f96f2c2358bb51afdd",
        "android_client_info": {
          "package_name": "com.httpsms"
        }
      },
      "oauth_client": [
        {
          "client_id": "578730237032-t69f05etpmm4lr0bvnef6js0cchvgbrm.apps.googleusercontent.com",
          "client_type": 1,
          "android_info": {
            "package_name": "com.httpsms",
            "certificate_hash": "e92d5410d42938a8a5f97247cdbd03a8ecca8eaf"
          }
        },
        {
          "client_id": "578730237032-74qi9167tanl7ld9cvel9dundtt4hcq2.apps.googleusercontent.com",
          "client_type": 3
        }
      ],
      "api_key": [
        {
          "current_key": "AIzaSyBlJUVBUWOA2E2pVVCyzRHJWm5BrDsMAL0"
        }
      ],
      "services": {
        "appinvite_service": {
          "other_platform_oauth_client": [
            {
              "client_id": "578730237032-74qi9167tanl7ld9cvel9dundtt4hcq2.apps.googleusercontent.com",
              "client_type": 3
            }
          ]
        }
      }
    }
  ],
  "configuration_version": "1"
}